CustomerID,SeniorCitizen,Tenure,MonthlyCharges,TotalCharges,Gender_Female,Gender_Male,Partner_No,Partner_Yes,Dependents_No,Dependents_Yes,PhoneService_No,PhoneService_Yes,InternetService_DSL,InternetService_Fiber optic,InternetService_No,Contract_Month-to-month,Contract_One year,Contract_Two year,Churn_No,Churn_Yes
0.0,0.0,0.5789473684210527,0.2617866004962779,0.38420068214325015,0.0,1.0,0.0,1.0,1.0,0.0,0.0,1.0,1.0,0.0,0.0,1.0,0.0,0.0,1.0,0.0
0.25,1.0,0.0,0.8238213399503722,0.0,1.0,0.0,1.0,0.0,1.0,0.0,0.0,1.0,0.0,1.0,0.0,0.0,1.0,0.0,0.0,1.0
0.5,0.0,0.894736842105263,0.0,0.4960941797777534,1.0,0.0,0.0,1.0,0.0,1.0,1.0,0.0,0.0,0.0,1.0,0.0,0.0,1.0,1.0,0.0
0.75,1.0,0.21052631578947367,0.37220843672456594,0.14402024425129276,0.0,1.0,1.0,0.0,1.0,0.0,0.0,1.0,1.0,0.0,0.0,1.0,0.0,0.0,0.0,1.0
1.0,0.0,1.0,1.0000000000000002,1.0,1.0,0.0,0.0,1.0,0.0,1.0,0.0,1.0,0.0,1.0,0.0,0.0,0.0,1.0,1.0,0.0
